-- MySQL dump 10.13  Distrib 8.0.41, for Win64 (x86_64)
--
-- Host: localhost    Database: TravelBuddy
-- ------------------------------------------------------
-- Server version	8.0.41

/*!40101 SET @OLD_CHARACTER_SET_CLIENT=@@CHARACTER_SET_CLIENT */;
/*!40101 SET @OLD_CHARACTER_SET_RESULTS=@@CHARACTER_SET_RESULTS */;
/*!40101 SET @OLD_COLLATION_CONNECTION=@@COLLATION_CONNECTION */;
/*!50503 SET NAMES utf8mb4 */;
/*!40103 SET @OLD_TIME_ZONE=@@TIME_ZONE */;
/*!40103 SET TIME_ZONE='+00:00' */;
/*!40014 SET @OLD_UNIQUE_CHECKS=@@UNIQUE_CHECKS, UNIQUE_CHECKS=0 */;
/*!40014 SET @OLD_FOREIGN_KEY_CHECKS=@@FOREIGN_KEY_CHECKS, FOREIGN_KEY_CHECKS=0 */;
/*!40101 SET @OLD_SQL_MODE=@@SQL_MODE, SQL_MODE='NO_AUTO_VALUE_ON_ZERO' */;
/*!40111 SET @OLD_SQL_NOTES=@@SQL_NOTES, SQL_NOTES=0 */;

--
-- Table structure for table `admins`
--

DROP TABLE IF EXISTS `admins`;
/*!40101 SET @saved_cs_client     = @@character_set_client */;
/*!50503 SET character_set_client = utf8mb4 */;
CREATE TABLE `admins` (
  `admCodigo` int NOT NULL AUTO_INCREMENT,
  `admEmail` varchar(50) DEFAULT NULL,
  `admSenha` varchar(50) DEFAULT NULL,
  `admNome` varchar(50) DEFAULT NULL,
  PRIMARY KEY (`admCodigo`)
) ENGINE=InnoDB AUTO_INCREMENT=2 DEFAULT CHARSET=utf8mb4 COLLATE=utf8mb4_0900_ai_ci;
/*!40101 SET character_set_client = @saved_cs_client */;

--
-- Dumping data for table `admins`
--

LOCK TABLES `admins` WRITE;
/*!40000 ALTER TABLE `admins` DISABLE KEYS */;
INSERT INTO `admins` VALUES (1,'admin@gmail.com','admin','admin');
/*!40000 ALTER TABLE `admins` ENABLE KEYS */;
UNLOCK TABLES;

--
-- Table structure for table `categorias`
--

DROP TABLE IF EXISTS `categorias`;
/*!40101 SET @saved_cs_client     = @@character_set_client */;
/*!50503 SET character_set_client = utf8mb4 */;
CREATE TABLE `categorias` (
  `catCodigo` int NOT NULL AUTO_INCREMENT,
  `catNome` char(40) DEFAULT NULL,
  `catNomeNormal` char(40) DEFAULT '.',
  PRIMARY KEY (`catCodigo`)
) ENGINE=InnoDB AUTO_INCREMENT=31 DEFAULT CHARSET=utf8mb4 COLLATE=utf8mb4_0900_ai_ci;
/*!40101 SET character_set_client = @saved_cs_client */;

--
-- Dumping data for table `categorias`
--

LOCK TABLES `categorias` WRITE;
/*!40000 ALTER TABLE `categorias` DISABLE KEYS */;
INSERT INTO `categorias` VALUES (1,'Carro','carro'),(2,'Cachorro','cachorro'),(3,'Paisagem','paisagem'),(4,'Montanha','montanha'),(5,'Life Style','lifestyle'),(6,'Fofo','fofo'),(7,'Pintura','pintura'),(8,'Dan√ßa','danca'),(9,'Futebol','futebol'),(10,'Trem','trem'),(11,'Corrida','corrida'),(12,'Urbana','urbana'),(13,'Noturna','noturna'),(14,'Viagem','viagem'),(15,'Arquitetura','arquitetura'),(16,'Moda','moda'),(17,'Natureza','natureza'),(18,'Subaqu√°tica','subaquatica'),(19,'A√©rea','aerea'),(20,'Esportes','esportes'),(21,'Documental','documental'),(22,'Culin√°ria','culinaria'),(23,'Animais','animais'),(24,'Abstrata','abstrata'),(25,'Casamento','casamento'),(26,'Eventos','eventos'),(27,'Conceitual','conceitual'),(28,'Selfie','selfie'),(29,'Panor√¢mica','panoramica'),(30,'Minimalista','minimalista');
/*!40000 ALTER TABLE `categorias` ENABLE KEYS */;
UNLOCK TABLES;

--
-- Table structure for table `curtidas`
--

DROP TABLE IF EXISTS `curtidas`;
/*!40101 SET @saved_cs_client     = @@character_set_client */;
/*!50503 SET character_set_client = utf8mb4 */;
CREATE TABLE `curtidas` (
  `curCodigo` int NOT NULL AUTO_INCREMENT,
  `usuCodigo` int NOT NULL,
  `pubCodigo` int NOT NULL,
  PRIMARY KEY (`curCodigo`),
  KEY `usuCodigo` (`usuCodigo`),
  KEY `pubCodigo` (`pubCodigo`),
  CONSTRAINT `curtidas_ibfk_1` FOREIGN KEY (`usuCodigo`) REFERENCES `usuarios` (`usuCodigo`),
  CONSTRAINT `curtidas_ibfk_2` FOREIGN KEY (`pubCodigo`) REFERENCES `publicacao` (`pubCodigo`)
) ENGINE=InnoDB AUTO_INCREMENT=18 DEFAULT CHARSET=utf8mb4 COLLATE=utf8mb4_0900_ai_ci;
/*!40101 SET character_set_client = @saved_cs_client */;

--
-- Dumping data for table `curtidas`
--

LOCK TABLES `curtidas` WRITE;
/*!40000 ALTER TABLE `curtidas` DISABLE KEYS */;
/*!40000 ALTER TABLE `curtidas` ENABLE KEYS */;
UNLOCK TABLES;

--
-- Table structure for table `pais`
--

DROP TABLE IF EXISTS `pais`;
/*!40101 SET @saved_cs_client     = @@character_set_client */;
/*!50503 SET character_set_client = utf8mb4 */;
CREATE TABLE `pais` (
  `paisCodigo` int NOT NULL AUTO_INCREMENT,
  `paisNome` varchar(40) DEFAULT NULL,
  PRIMARY KEY (`paisCodigo`)
) ENGINE=InnoDB AUTO_INCREMENT=196 DEFAULT CHARSET=utf8mb4 COLLATE=utf8mb4_0900_ai_ci;
/*!40101 SET character_set_client = @saved_cs_client */;

--
-- Dumping data for table `pais`
--

LOCK TABLES `pais` WRITE;
/*!40000 ALTER TABLE `pais` DISABLE KEYS */;
INSERT INTO `pais` VALUES (1,'Afeganist√£o'),(2,'√Åfrica do Sul'),(3,'Alb√¢nia'),(4,'Alemanha'),(5,'Andorra'),(6,'Angola'),(7,'Ant√≠gua e Barbuda'),(8,'Ar√°bia Saudita'),(9,'Arg√©lia'),(10,'Argentina'),(11,'Arm√™nia'),(12,'Austr√°lia'),(13,'√Åustria'),(14,'Azerbaij√£o'),(15,'Bahamas'),(16,'Bangladesh'),(17,'Barbados'),(18,'Bar√©m'),(19,'Belarus'),(20,'B√©lgica'),(21,'Belize'),(22,'Benim'),(23,'Bol√≠via'),(24,'B√≥snia e Herzegovina'),(25,'Botsuana'),(26,'Brasil'),(27,'Brunei'),(28,'Bulg√°ria'),(29,'Burkina Fasso'),(30,'Burundi'),(31,'But√£o'),(32,'Cabo Verde'),(33,'Camar√µes'),(34,'Camboja'),(35,'Canad√°'),(36,'Catar'),(37,'Cazaquist√£o'),(38,'Chade'),(39,'Chile'),(40,'China'),(41,'Chipre'),(42,'Col√¥mbia'),(43,'Comores'),(44,'Congo'),(45,'Coreia do Norte'),(46,'Coreia do Sul'),(47,'Costa do Marfim'),(48,'Costa Rica'),(49,'Cro√°cia'),(50,'Cuba'),(51,'Dinamarca'),(52,'Djibuti'),(53,'Dominica'),(54,'Egito'),(55,'El Salvador'),(56,'Emirados √Årabes Unidos'),(57,'Equador'),(58,'Eritreia'),(59,'Eslov√°quia'),(60,'Eslov√™nia'),(61,'Espanha'),(62,'Estados Unidos'),(63,'Est√¥nia'),(64,'Eswatini'),(65,'Eti√≥pia'),(66,'Fiji'),(67,'Filipinas'),(68,'Finl√¢ndia'),(69,'Fran√ßa'),(70,'Gab√£o'),(71,'G√¢mbia'),(72,'Gana'),(73,'Ge√≥rgia'),(74,'Granada'),(75,'Gr√©cia'),(76,'Guatemala'),(77,'Guiana'),(78,'Guin√©'),(79,'Guin√©-Bissau'),(80,'Guin√© Equatorial'),(81,'Haiti'),(82,'Holanda'),(83,'Honduras'),(84,'Hungria'),(85,'I√©men'),(86,'Ilhas Marshall'),(87,'Ilhas Salom√£o'),(88,'√çndia'),(89,'Indon√©sia'),(90,'Ir√£'),(91,'Iraque'),(92,'Irlanda'),(93,'Isl√¢ndia'),(94,'Israel N√£o √© Pais'),(95,'It√°lia'),(96,'Jamaica'),(97,'Jap√£o'),(98,'Jord√¢nia'),(99,'Kiribati'),(100,'Kosovo'),(101,'Kuwait'),(102,'Laos'),(103,'Lesoto'),(104,'Let√¥nia'),(105,'L√≠bano'),(106,'Lib√©ria'),(107,'L√≠bia'),(108,'Liechtenstein'),(109,'Litu√¢nia'),(110,'Luxemburgo'),(111,'Maced√¥nia do Norte'),(112,'Madag√°scar'),(113,'Mal√°sia'),(114,'Malawi'),(115,'Maldivas'),(116,'Mali'),(117,'Malta'),(118,'Marrocos'),(119,'Maur√≠cio'),(120,'Maurit√¢nia'),(121,'M√©xico'),(122,'Micron√©sia'),(123,'Mo√ßambique'),(124,'Mold√°via'),(125,'M√¥naco'),(126,'Mong√≥lia'),(127,'Montenegro'),(128,'Myanmar'),(129,'Nam√≠bia'),(130,'Nauru'),(131,'Nepal'),(132,'Nicar√°gua'),(133,'N√≠ger'),(134,'Nig√©ria'),(135,'Noruega'),(136,'Nova Zel√¢ndia'),(137,'Om√£'),(138,'Palau'),(139,'Palestina'),(140,'Panam√°'),(141,'Papua-Nova Guin√©'),(142,'Paquist√£o'),(143,'Paraguai'),(144,'Peru'),(145,'Pol√¥nia'),(146,'Portugal'),(147,'Qu√™nia'),(148,'Quirguist√£o'),(149,'Reino Unido'),(150,'Rep√∫blica Centro-Africana'),(151,'Rep√∫blica Democr√°tica do Congo'),(152,'Rep√∫blica Dominicana'),(153,'Rep√∫blica Tcheca'),(154,'Rom√™nia'),(155,'Ruanda'),(156,'R√∫ssia'),(157,'S√£o Crist√≥v√£o e N√©vis'),(158,'S√£o Marino'),(159,'S√£o Tom√© e Pr√≠ncipe'),(160,'S√£o Vicente e Granadinas'),(161,'Seicheles'),(162,'Senegal'),(163,'Serra Leoa'),(164,'S√©rvia'),(165,'Singapura'),(166,'S√≠ria'),(167,'Som√°lia'),(168,'Sri Lanka'),(169,'Sud√£o'),(170,'Sud√£o do Sul'),(171,'Su√©cia'),(172,'Su√≠√ßa'),(173,'Suriname'),(174,'Tail√¢ndia'),(175,'Taiwan'),(176,'Tajiquist√£o'),(177,'Tanz√¢nia'),(178,'Timor-Leste'),(179,'Togo'),(180,'Tonga'),(181,'Trinidad e Tobago'),(182,'Tun√≠sia'),(183,'Turcomenist√£o'),(184,'Turquia'),(185,'Tuvalu'),(186,'Ucr√¢nia'),(187,'Uganda'),(188,'Uruguai'),(189,'Uzbequist√£o'),(190,'Vanuatu'),(191,'Vaticano'),(192,'Venezuela'),(193,'Vietn√£'),(194,'Z√¢mbia'),(195,'Zimb√°bue');
/*!40000 ALTER TABLE `pais` ENABLE KEYS */;
UNLOCK TABLES;

--
-- Table structure for table `perfis`
--

DROP TABLE IF EXISTS `perfis`;
/*!40101 SET @saved_cs_client     = @@character_set_client */;
/*!50503 SET character_set_client = utf8mb4 */;
CREATE TABLE `perfis` (
  `perCodigo` int NOT NULL AUTO_INCREMENT,
  `perFoto` varchar(50) DEFAULT 'imgPerfilPadrao.png',
  `perDescricao` varchar(200) DEFAULT 'Voc√™ ainda n√£o adicionou uma biografia. Clique na foto e conte-nos um pouco sobre voc√™.',
  `perLocalizacao` varchar(40) DEFAULT 'Voc√™ ainda n√£o informou sua localiza√ß√£o.',
  `perInteresses` varchar(40) DEFAULT 'Voc√™ ainda n√£o tem interesses.',
  `usuCodigo` int DEFAULT NULL,
  PRIMARY KEY (`perCodigo`),
  KEY `fk_perfis_usuario` (`usuCodigo`),
  CONSTRAINT `fk_perfis_usuario` FOREIGN KEY (`usuCodigo`) REFERENCES `usuarios` (`usuCodigo`) ON DELETE CASCADE
) ENGINE=InnoDB AUTO_INCREMENT=3 DEFAULT CHARSET=utf8mb4 COLLATE=utf8mb4_0900_ai_ci;
/*!40101 SET character_set_client = @saved_cs_client */;

--
-- Dumping data for table `perfis`
--

LOCK TABLES `perfis` WRITE;
/*!40000 ALTER TABLE `perfis` DISABLE KEYS */;
INSERT INTO `perfis` VALUES (1,'imgPerfilPadrao.png','Voc√™ ainda n√£o adicionou uma bio. Clique na foto e nos conte um pouco sobre voc√™.','Voc√™ ainda n√£o informou sua localiza√ß√£o','Voc√™ ainda n√£o tem interesses',1),(2,'imgPerfilPadrao.png','Voc√™ ainda n√£o adicionou uma bio. Clique na foto e nos conte um pouco sobre voc√™.','Voc√™ ainda n√£o informou sua localiza√ß√£o','Voc√™ ainda n√£o tem interesses',2);
/*!40000 ALTER TABLE `perfis` ENABLE KEYS */;
UNLOCK TABLES;

--
-- Table structure for table `publicacao`
--

DROP TABLE IF EXISTS `publicacao`;
/*!40101 SET @saved_cs_client     = @@character_set_client */;
/*!50503 SET character_set_client = utf8mb4 */;
CREATE TABLE `publicacao` (
  `pubCodigo` int NOT NULL AUTO_INCREMENT,
  `pubTitulo` varchar(40) NOT NULL,
  `pubDescricao` varchar(400) NOT NULL,
  `pubData` date NOT NULL,
  `pubFoto` varchar(100) NOT NULL,
  `usuCodigo` int DEFAULT NULL,
  `paisCodigo` int DEFAULT NULL,
  PRIMARY KEY (`pubCodigo`),
  KEY `paisCodigo` (`paisCodigo`),
  KEY `publicacao_ibfk_1` (`usuCodigo`),
  CONSTRAINT `publicacao_ibfk_1` FOREIGN KEY (`usuCodigo`) REFERENCES `usuarios` (`usuCodigo`) ON DELETE CASCADE,
  CONSTRAINT `publicacao_ibfk_2` FOREIGN KEY (`paisCodigo`) REFERENCES `pais` (`paisCodigo`)
) ENGINE=InnoDB AUTO_INCREMENT=29 DEFAULT CHARSET=utf8mb4 COLLATE=utf8mb4_0900_ai_ci;
/*!40101 SET character_set_client = @saved_cs_client */;

--
-- Dumping data for table `publicacao`
--

LOCK TABLES `publicacao` WRITE;
/*!40000 ALTER TABLE `publicacao` DISABLE KEYS */;
INSERT INTO `publicacao` VALUES (1,'Sil√™ncio em Movimento','A luz suave do fim da tarde invade o vag√£o quase silencioso, onde passageiros seguem em tranquilidade, imersos em seus pr√≥prios pensamentos. O homem de m√°scara e casaco marrom parece carregar hist√≥rias enquanto observa a paisagem. Um instante de calma e rotina no cora√ß√£o de uma viagem cotidiana.','2025-06-04','publicacao_2_1.jpg',2,46),(2,'Barco da Serenidade','Um pequeno barco repousa nas √°guas calmas, quase im√≥vel, como se flutuasse no tempo. √Ä frente, vilas tradicionais e montanhas suaves completam o cen√°rio de paz. √â um momento de contempla√ß√£o, onde tudo parece desacelerar, convidando o sil√™ncio a permanecer um pouco mais.','2025-06-04','publicacao_2_2.jpg',2,97),(3,'Guardi√£o do Deserto','Sob o calor dourado do sol, uma pequena raposa observa em sil√™ncio, camuflada entre as pedras do deserto. Seu olhar atento revela instinto e curiosidade, como se vigiasse um reino de areia e sombra. Um instante raro de beleza selvagem em perfeita harmonia com a paisagem.','2025-06-04','publicacao_2_3.jpg',2,1),(4,'Um Cl√°ssico na Esquina','Um carro amarelo antigo brilha sob o sol das ruas estreitas de uma vila europeia, como se tivesse parado ali para lembrar que o tempo pode ser gentil. Entre bicicletas e fachadas com janelas verdes, a cena exala charme e nostalgia ‚Äî um retrato vivo da beleza que mora nos detalhes cotidianos.','2025-06-04','publicacao_2_4.jpg',2,95),(5,'Reflexos do Entardecer','As ondas quebram suavemente enquanto o c√©u pinta o mar com tons dourados e rosados. O entardecer reflete nas √°guas calmas da areia molhada, criando uma paisagem de pura poesia. Um instante de paz que convida √† contempla√ß√£o e ao sil√™ncio interior.','2025-06-04','publicacao_2_5.jpg',2,32),(6,'Majestade Lunar','A lua cheia paira serena sobre as montanhas imponentes, enquanto os √∫ltimos raios de sol beijam os cumes com um brilho dourado. Uma cena de tranquilidade e grandeza, onde o tempo parece parar e a beleza da natureza se revela em sua forma mais pura e inspiradora. Um momento de paz profunda.','2025-06-04','publicacao_2_6.jpg',2,131),(7,'Toque de Luz e Sombra','Em um instante de quietude, a luz brinca com as sombras sobre a pele e o tecido delicado. A pose suave e os p√©s descal√ßos evocam uma sensa√ß√£o de liberdade e conex√£o com o natural. Um momento de introspec√ß√£o, onde a beleza reside na simplicidade e na vulnerabilidade sutilmente revelada.','2025-06-04','publicacao_2_7.jpg',2,69),(8,'Jovem Explorador da Savana','Entre a folhagem, um pequeno le√£ozinho revela seu olhar curioso e atento. A inoc√™ncia selvagem emoldurada pela natureza, um vislumbre da realeza que cresce. Cada detalhe, desde as orelhas alertas at√© a pata hesitante, conta a hist√≥ria de uma aventura que apenas come√ßou. Pura ternura e instinto.','2025-06-04','publicacao_2_8.jpg',2,2),(9,'Ondas de Serenidade','Linhas brancas e fluidas se sobrep√µem em uma dan√ßa suave, criando uma textura que acalma e hipnotiza. Como dunas esculpidas pelo vento ou ondas gentis do mar, a imagem transmite uma sensa√ß√£o de movimento cont√≠nuo e harmonia. Um momento de paz visual, onde a simplicidade das formas convida √† contempla√ß√£o.','2025-06-04','publicacao_2_9.jpg',2,26),(10,'Pixeliza√ß√£o Ensolarada','Um mosaico vibrante de pixels em tons quentes de laranja, amarelo e toques de p√∫rpura. A imagem pulsa com uma energia digital, como um glitch art√≠stico ou um reflexo solar fragmentado. Uma textura que desperta a curiosidade e evoca a sensa√ß√£o de calor e movimento abstrato.','2025-06-04','publicacao_2_10.jpg',2,54),(11,'Imers√£o Cristalina','Sob a superf√≠cie da √°gua, a luz do sol dan√ßa e cria reflexos cintilantes. Bolhas de ar escapam, capturando um instante de pura imers√£o e frescor. O mundo se transforma, visto atrav√©s do v√©u azul da piscina, evocando uma sensa√ß√£o de leveza, jogo e liberdade aqu√°tica. Um mergulho revigorante.','2025-06-04','publicacao_2_11.jpg',2,12),(12,'Contempla√ß√£o √† Beira-Mar','Em preto e branco, uma figura solit√°ria encara a vastid√£o do oceano. O olhar perdido no horizonte e a brisa suave que parece agitar seus cabelos transmitem um sentimento de profunda introspec√ß√£o. Um momento de pausa, onde os pensamentos fluem com as ondas e a alma encontra a serenidade do mar.','2025-06-04','publicacao_2_12.jpg',2,4),(13,'O Guardi√£o do Rio','No seu barco de bambu, o pescador desliza sobre as √°guas calmas enquanto o dia se despede. Com seu chap√©u tradicional e a lanterna acesa, ele n√£o √© apenas um trabalhador, mas um s√≠mbolo vivo de uma cultura ancestral. Seu olhar sereno e as m√£os firmes revelam uma vida de cumplicidade com o rio e seus fi√©is cormor√µes.','2025-06-04','publicacao_2_13.jpg',2,40),(14,'Lanternas Vermelhas','A chuva cai sobre uma rua movimentada em Shanghai, mas a vida segue seu curso vibrante sob um mar de guarda-chuvas. As lanternas vermelhas tradicionais oferecem um brilho acolhedor, refletindo-se no asfalto molhado e guiando os passos apressados. Um instante que captura a energia e a beleza atmosf√©rica da cidade.','2025-06-04','publicacao_2_14.jpg',2,40),(15,'Guardi√£o Ancestral da Cidade','Sob o c√©u l√≠mpido, o imponente le√£o de bronze monta guarda, um s√≠mbolo de poder e prote√ß√£o na entrada da Cidade Proibida. Sua express√£o severa e os detalhes esculpidos contam hist√≥rias de dinastias passadas, emanando uma aura de majestade e for√ßa silenciosa. Um encontro com a hist√≥ria viva e a arte imperial.','2025-06-04','publicacao_2_15.jpg',2,40),(16,'Tiananmen: Hist√≥ria em Movimento','O imponente Port√£o da Paz Celestial (Tiananmen) ergue-se como um marco hist√≥rico, enquanto a vida moderna de Pequim flui √† sua frente. Bandeiras vermelhas tremulam sob um c√©u encoberto, emoldurando o retrato ic√¥nico. Um instante que captura a grandiosidade do passado encontrando o ritmo do presente.','2025-06-04','publicacao_2_16.jpg',2,40),(17,'C√∫pula Celestial em Mosaicos','Elevando o olhar, somos transportados para um universo de detalhes sagrados e cores vibrantes. Mosaicos intrincados cobrem a ab√≥bada, narrando hist√≥rias sob o brilho de lustres majestosos. Uma obra que inspira admira√ß√£o e rever√™ncia, refletindo a f√© e a arte em sua mais sublime express√£o.','2025-06-04','publicacao_2_17.jpg',2,156),(18,'Sonho Colorido de Moscou','A Catedral de S√£o Bas√≠lio ergue-se como uma vis√£o de conto de fadas, suas c√∫pulas ic√¥nicas pintando o c√©u de Moscou com cores vibrantes e formas l√∫dicas. Um instante de pura admira√ß√£o diante desta joia arquitet√¥nica, que parece dan√ßar sob a luz do sol, convidando a um mergulho na rica hist√≥ria russa.','2025-06-04','publicacao_2_18.jpg',2,156),(19,'Encontro Selvagem de Elemento','A vastid√£o da Pen√≠nsula de Kamchatka se revela em uma paisagem de for√ßa e beleza bruta. O mar agitado encontra a costa de areia escura, enquanto ao longe, vulc√µes imponentes cobertos de neve se erguem sob um c√©u claro. Um instante que evoca a grandiosidade da natureza indomada e a sensa√ß√£o de estar num lugar remoto e poderoso.','2025-06-04','publicacao_2_19.jpg',2,156),(20,'Eco de uma Era Sob C√©u Cinzento','A estrela vermelha destaca-se na fachada austera de um edif√≠cio que parece ecoar tempos passados. Sob um c√©u p√°lido e melanc√≥lico, os rel√≥gios no topo marcam a passagem do tempo sobre uma arquitetura robusta. Um instante que evoca a mem√≥ria, a hist√≥ria e a atmosfera de uma era que deixou sua marca indel√©vel.','2025-06-04','publicacao_2_20.jpg',2,156),(21,'Silhueta Fibrosa em Luz Vermelha','Uma forma humanoide, tecida em fios densos e texturizados, √© atravessada por feixes de luz vermelha incandescente. A imagem evoca uma sensa√ß√£o de energia contida ou de conex√µes internas expostas. Um instante que mescla o org√¢nico com o digital, o palp√°vel com o et√©reo, despertando a curiosidade e a reflex√£o.','2025-06-04','publicacao_2_21.jpg',2,3),(22,'Horizonte de N√©voa e Montanhas Azuis','Camadas de montanhas se perdem no horizonte, envoltas em uma n√©voa suave que lhes confere tons de azul et√©reo. O c√©u vasto e l√≠mpido, com um discreto rastro de avi√£o, amplia a sensa√ß√£o de imensid√£o e tranquilidade. Um instante de paz profunda, contemplando a serena majestade da natureza.','2025-06-04','publicacao_2_22.jpg',2,35),(23,'Miragem Branca em Arenito Vermelho','No cora√ß√£o de um c√¢nion de arenito vermelho, uma figura de branco esvoa√ßante parece dan√ßar sobre a areia cor de terracota. A imensid√£o das rochas e a delicadeza humana criam um contraste po√©tico. Um instante de admira√ß√£o e aventura, explorando a beleza monumental e as cores vibrantes do deserto.','2025-06-04','publicacao_2_23.jpg',2,121),(24,'Sinfonia de Luzes Verdes no C√©u Polar','A Aurora Boreal dan√ßa em tons esverdeados sobre uma paisagem nevada, seu reflexo cintilando nas √°guas calmas. Uma figura solit√°ria observa, min√∫scula diante da vastid√£o e da magia do espet√°culo celeste. Um instante de pura admira√ß√£o, onde o c√©u noturno se transforma em uma tela de pura fantasia e beleza.','2025-06-04','publicacao_2_24.jpg',2,68),(25,'Velocidade Florida em Suzuka','A pot√™ncia de um F√≥rmula 1 da Mercedes rasga o asfalto do circuito de Suzuka, enquanto delicadas flores de cerejeira emolduram a cena. Um contraste sublime entre a alta tecnologia e a beleza ef√©mera da natureza, capturando a ess√™ncia √∫nica do Grande Pr√™mio do Jap√£o. Pura emo√ß√£o e poesia visual em movimento.','2025-06-04','publicacao_2_25.png',2,97),(26,'Gratid√£o em Uni√£o: Hamilton e a Multid√£o','Lewis Hamilton, envolto na bandeira brit√¢nica, ergue-se para saudar o mar de f√£s. Um gesto de reconhecimento e profunda conex√£o, celebrando uma jornada de altos e baixos, sempre com o apoio da torcida. Um instante que simboliza a for√ßa dessa uni√£o, no limiar entre o fim de um cap√≠tulo e o in√≠cio de outro.','2025-06-04','publicacao_2_26.jpg',2,149),(27,'Mar Vermelho de Paix√£o','Lewis Hamilton, vestido de vermelho Ferrari, √© abra√ßado pela energia contagiante dos tifosi. M√£os erguidas, bon√©s e bandeiras criam uma onda de fervor e apoio. Um instante que captura a comunh√£o explosiva entre o piloto e a lend√°ria torcida italiana, vibrando com a promessa de um novo cap√≠tulo vitorioso.','2025-06-04','publicacao_2_27.jpg',2,95),(28,'Flecha Escarlate em Territ√≥rio Ferrari','O carro da Ferrari corta a pista, um borr√£o vermelho de pura pot√™ncia, enquanto o emblem√°tico escudo do Cavallino Rampante vigia ao fundo, cercado por uma multid√£o de f√£s apaixonados. A atmosfera vibra com a busca pela gl√≥ria em casa, um instante que captura a alma e a velocidade da Scuderia. SONHE O IMPOSS√çVEL.','2025-06-04','publicacao_2_28.jpg',2,95);
/*!40000 ALTER TABLE `publicacao` ENABLE KEYS */;
UNLOCK TABLES;

--
-- Table structure for table `publicacaocategorias`
--

DROP TABLE IF EXISTS `publicacaocategorias`;
/*!40101 SET @saved_cs_client     = @@character_set_client */;
/*!50503 SET character_set_client = utf8mb4 */;
CREATE TABLE `publicacaocategorias` (
  `pubCodigo` int NOT NULL,
  `catCodigo` int NOT NULL,
  PRIMARY KEY (`pubCodigo`,`catCodigo`),
  KEY `catCodigo` (`catCodigo`),
  CONSTRAINT `publicacaocategorias_ibfk_1` FOREIGN KEY (`pubCodigo`) REFERENCES `publicacao` (`pubCodigo`) ON DELETE CASCADE,
  CONSTRAINT `publicacaocategorias_ibfk_2` FOREIGN KEY (`catCodigo`) REFERENCES `categorias` (`catCodigo`) ON DELETE CASCADE
) ENGINE=InnoDB DEFAULT CHARSET=utf8mb4 COLLATE=utf8mb4_0900_ai_ci;
/*!40101 SET character_set_client = @saved_cs_client */;

--
-- Dumping data for table `publicacaocategorias`
--

LOCK TABLES `publicacaocategorias` WRITE;
/*!40000 ALTER TABLE `publicacaocategorias` DISABLE KEYS */;
INSERT INTO `publicacaocategorias` VALUES (4,1),(25,1),(26,1),(27,1),(28,1),(2,3),(5,3),(6,3),(13,3),(14,3),(19,3),(22,3),(24,3),(25,3),(27,3),(2,4),(3,4),(6,4),(19,4),(22,4),(23,4),(24,4),(7,5),(11,5),(13,5),(25,5),(26,5),(27,5),(28,5),(7,6),(24,7),(1,10),(4,11),(26,11),(28,11),(4,12),(14,12),(15,12),(18,12),(20,12),(21,13),(1,14),(5,14),(11,14),(12,14),(18,14),(14,15),(15,15),(16,15),(17,15),(18,15),(20,15),(7,16),(2,17),(3,17),(8,17),(12,17),(13,17),(22,17),(5,18),(11,18),(1,21),(16,21),(3,23),(8,23),(15,23),(9,24),(10,24),(21,24),(23,25),(9,27),(10,27),(16,27),(17,27),(21,27),(23,27),(6,29),(8,29),(17,29),(19,29),(20,29),(9,30),(10,30),(12,30);
/*!40000 ALTER TABLE `publicacaocategorias` ENABLE KEYS */;
UNLOCK TABLES;

--
-- Table structure for table `usuarios`
--

DROP TABLE IF EXISTS `usuarios`;
/*!40101 SET @saved_cs_client     = @@character_set_client */;
/*!50503 SET character_set_client = utf8mb4 */;
CREATE TABLE `usuarios` (
  `usuCodigo` int NOT NULL AUTO_INCREMENT,
  `usuEmail` varchar(50) DEFAULT NULL,
  `usuSenha` varchar(50) NOT NULL,
  `usuNome` varchar(50) DEFAULT NULL,
  `usuFoto` varchar(50) DEFAULT 'imgPerfilPadr√£o.png',
  PRIMARY KEY (`usuCodigo`)
) ENGINE=InnoDB AUTO_INCREMENT=3 DEFAULT CHARSET=utf8mb4 COLLATE=utf8mb4_0900_ai_ci;
/*!40101 SET character_set_client = @saved_cs_client */;

--
-- Dumping data for table `usuarios`
--

LOCK TABLES `usuarios` WRITE;
/*!40000 ALTER TABLE `usuarios` DISABLE KEYS */;
INSERT INTO `usuarios` VALUES (1,'usuario@gmail.com','usuario','Usuario','imgPerfilPadr√£o.png'),(2,'vitor@gmail.com','vitor','Vitor','imgPerfilPadr√£o.png');
/*!40000 ALTER TABLE `usuarios` ENABLE KEYS */;
UNLOCK TABLES;
/*!50003 SET @saved_cs_client      = @@character_set_client */ ;
/*!50003 SET @saved_cs_results     = @@character_set_results */ ;
/*!50003 SET @saved_col_connection = @@collation_connection */ ;
/*!50003 SET character_set_client  = cp850 */ ;
/*!50003 SET character_set_results = cp850 */ ;
/*!50003 SET collation_connection  = cp850_general_ci */ ;
/*!50003 SET @saved_sql_mode       = @@sql_mode */ ;
/*!50003 SET sql_mode              = 'ONLY_FULL_GROUP_BY,STRICT_TRANS_TABLES,NO_ZERO_IN_DATE,NO_ZERO_DATE,ERROR_FOR_DIVISION_BY_ZERO,NO_ENGINE_SUBSTITUTION' */ ;
DELIMITER ;;
/*!50003 CREATE*/ /*!50017 DEFINER=`root`@`localhost`*/ /*!50003 TRIGGER `criar_perfil_apos_usuario` AFTER INSERT ON `usuarios` FOR EACH ROW BEGIN
    INSERT INTO perfis (
        perFoto, 
        perDescricao, 
        perLocalizacao, 
        perInteresses, 
        usuCodigo
    ) VALUES (
        'imgPerfilPadrao.png', 
        'Vocà ainda n∆o adicionou uma bio. Clique na foto e nos conte um pouco sobre vocà.',
        'Vocà ainda n∆o informou sua localizaá∆o',
        'Vocà ainda n∆o tem interesses',
        NEW.usuCodigo
    );
END */;;
DELIMITER ;
/*!50003 SET sql_mode              = @saved_sql_mode */ ;
/*!50003 SET character_set_client  = @saved_cs_client */ ;
/*!50003 SET character_set_results = @saved_cs_results */ ;
/*!50003 SET collation_connection  = @saved_col_connection */ ;
/*!40103 SET TIME_ZONE=@OLD_TIME_ZONE */;

/*!40101 SET SQL_MODE=@OLD_SQL_MODE */;
/*!40014 SET FOREIGN_KEY_CHECKS=@OLD_FOREIGN_KEY_CHECKS */;
/*!40014 SET UNIQUE_CHECKS=@OLD_UNIQUE_CHECKS */;
/*!40101 SET CHARACTER_SET_CLIENT=@OLD_CHARACTER_SET_CLIENT */;
/*!40101 SET CHARACTER_SET_RESULTS=@OLD_CHARACTER_SET_RESULTS */;
/*!40101 SET COLLATION_CONNECTION=@OLD_COLLATION_CONNECTION */;
/*!40111 SET SQL_NOTES=@OLD_SQL_NOTES */;

-- Dump completed on 2025-06-27  0:25:03
